display,id,object_type,natural_slug,log_level,grouping,message,log_object,absolute_url,job_result__id,created
The hard time limit of 7200.0 seconds is less than or equal to the soft time limit of 7200.0 seconds. This job will fail silently after 7200.0 seconds.,04414d79-a1f7-49ca-a70b-b1c609070ab3,extras.joblogentry,unknown,warning,initialization,The hard time limit of 7200.0 seconds is less than or equal to the soft time limit of 7200.0 seconds. This job will fail silently after 7200.0 seconds.,IPFabric ⟹ Nautobot,/extras/jobs/2bcda95a-334b-4722-b3b4-ceaeabe01fd9/,d93a7f0a-544f-4308-8dd0-a4be6e7f83f7,2026-03-26T09:11:48.701326+01:00
Running job,502fddad-8b0d-4765-8745-77b92afe500b,extras.joblogentry,unknown,info,initialization,Running job,IPFabric ⟹ Nautobot,/extras/jobs/2bcda95a-334b-4722-b3b4-ceaeabe01fd9/,d93a7f0a-544f-4308-8dd0-a4be6e7f83f7,2026-03-26T09:11:48.746563+01:00
"Starting job with the following options: `Snapshot_id`: 3a883c59-4582-4b87-8ad6-eb28a184dffb.`Debug`: False, `Dry Run`: False, `Safe Delete Mode`: True, `Sync Tagged Only`: True, `Location Filter`: None",7ecd3cc9-15cf-453e-aab2-daa4715666a2,extras.joblogentry,unknown,info,sync_data,"Starting job with the following options: `Snapshot_id`: 3a883c59-4582-4b87-8ad6-eb28a184dffb.`Debug`: False, `Dry Run`: False, `Safe Delete Mode`: True, `Sync Tagged Only`: True, `Location Filter`: None",,,d93a7f0a-544f-4308-8dd0-a4be6e7f83f7,2026-03-26T09:11:52.557135+01:00
Loading current data from IP Fabric...,b99cf854-04f4-4e9b-afbc-a0ce40e8d1a2,extras.joblogentry,unknown,info,sync_data,Loading current data from IP Fabric...,,,d93a7f0a-544f-4308-8dd0-a4be6e7f83f7,2026-03-26T09:11:52.562803+01:00
Loading current data from Nautobot...,e733d876-16ed-4095-b6ad-f0e1cafae4c0,extras.joblogentry,unknown,info,sync_data,Loading current data from Nautobot...,,,d93a7f0a-544f-4308-8dd0-a4be6e7f83f7,2026-03-26T09:12:02.893530+01:00
Calculating diffs...,03dbdca7-417f-4328-a4b5-a4ad92322a79,extras.joblogentry,unknown,info,sync_data,Calculating diffs...,,,d93a7f0a-544f-4308-8dd0-a4be6e7f83f7,2026-03-26T09:12:07.304473+01:00
"DiffSync Summary: Create: 1105, Update: 20, Delete: 113, No Change: 895",ed3ea9fe-5fd0-439f-ac4e-714db7999c58,extras.joblogentry,unknown,info,sync_data,"DiffSync Summary: Create: 1105, Update: 20, Delete: 113, No Change: 895",,,d93a7f0a-544f-4308-8dd0-a4be6e7f83f7,2026-03-26T09:12:07.478480+01:00
Syncing from IP Fabric to Nautobot,0ddc31a1-4633-432a-9198-34ef1ea47f91,extras.joblogentry,unknown,info,sync_data,Syncing from IP Fabric to Nautobot,,,d93a7f0a-544f-4308-8dd0-a4be6e7f83f7,2026-03-26T09:12:07.482162+01:00
"Platform gaia already exists but belongs to Manufacturer Checkpoint, not Check Point. Skipping assignment to avoid validation errors.",4119c395-e507-4ba1-9d31-5a1e4cbceac7,extras.joblogentry,unknown,warning,create_platform_object,"Platform gaia already exists but belongs to Manufacturer Checkpoint, not Check Point. Skipping assignment to avoid validation errors.",,,d93a7f0a-544f-4308-8dd0-a4be6e7f83f7,2026-03-26T09:12:07.598707+01:00
"Unable to get or create a Platform named gaia, Device named FW-MUSEO-NM will not have a Platform assigned",cf50c266-d751-4916-aac0-f7b8ab1be030,extras.joblogentry,unknown,warning,create,"Unable to get or create a Platform named gaia, Device named FW-MUSEO-NM will not have a Platform assigned",,,d93a7f0a-544f-4308-8dd0-a4be6e7f83f7,2026-03-26T09:12:07.602134+01:00
"Platform gaia already exists but belongs to Manufacturer Checkpoint, not Check Point. Skipping assignment to avoid validation errors.",c8354260-f3be-45e3-8d9d-e6c686567e73,extras.joblogentry,unknown,warning,create_platform_object,"Platform gaia already exists but belongs to Manufacturer Checkpoint, not Check Point. Skipping assignment to avoid validation errors.",,,d93a7f0a-544f-4308-8dd0-a4be6e7f83f7,2026-03-26T09:12:09.502638+01:00
"Unable to get or create a Platform named gaia, Device named fw1-interno-nm will not have a Platform assigned",5e9be5c3-3710-4ec6-a110-f7e3eb94101e,extras.joblogentry,unknown,warning,create,"Unable to get or create a Platform named gaia, Device named fw1-interno-nm will not have a Platform assigned",,,d93a7f0a-544f-4308-8dd0-a4be6e7f83f7,2026-03-26T09:12:09.506097+01:00
"Platform gaia already exists but belongs to Manufacturer Checkpoint, not Check Point. Skipping assignment to avoid validation errors.",6208cc86-1bc2-4091-b2a8-e51530807388,extras.joblogentry,unknown,warning,create_platform_object,"Platform gaia already exists but belongs to Manufacturer Checkpoint, not Check Point. Skipping assignment to avoid validation errors.",,,d93a7f0a-544f-4308-8dd0-a4be6e7f83f7,2026-03-26T09:12:09.594783+01:00
"Unable to get or create a Platform named gaia, Device named FW1-Intra-NM will not have a Platform assigned",065b63ff-6e28-4e18-af37-b4b882b5d9fe,extras.joblogentry,unknown,warning,create,"Unable to get or create a Platform named gaia, Device named FW1-Intra-NM will not have a Platform assigned",,,d93a7f0a-544f-4308-8dd0-a4be6e7f83f7,2026-03-26T09:12:09.598289+01:00
"Platform gaia already exists but belongs to Manufacturer Checkpoint, not Check Point. Skipping assignment to avoid validation errors.",00735c0c-4b19-49c2-abb0-fd583f29ed7e,extras.joblogentry,unknown,warning,create_platform_object,"Platform gaia already exists but belongs to Manufacturer Checkpoint, not Check Point. Skipping assignment to avoid validation errors.",,,d93a7f0a-544f-4308-8dd0-a4be6e7f83f7,2026-03-26T09:12:12.474656+01:00
"Unable to get or create a Platform named gaia, Device named FW1-MGMT-LAN-NM will not have a Platform assigned",8bbdfd0a-318f-4edf-83af-73872818d4a3,extras.joblogentry,unknown,warning,create,"Unable to get or create a Platform named gaia, Device named FW1-MGMT-LAN-NM will not have a Platform assigned",,,d93a7f0a-544f-4308-8dd0-a4be6e7f83f7,2026-03-26T09:12:12.476993+01:00
"Platform gaia already exists but belongs to Manufacturer Checkpoint, not Check Point. Skipping assignment to avoid validation errors.",7d0c35c1-a8de-4747-bd2e-0f83cf3384d6,extras.joblogentry,unknown,warning,create_platform_object,"Platform gaia already exists but belongs to Manufacturer Checkpoint, not Check Point. Skipping assignment to avoid validation errors.",,,d93a7f0a-544f-4308-8dd0-a4be6e7f83f7,2026-03-26T09:12:13.471120+01:00
"Unable to get or create a Platform named gaia, Device named INTERNET-10G-NM will not have a Platform assigned",17668e1d-b6de-47f6-8bc6-a6f0ddb15c02,extras.joblogentry,unknown,warning,create,"Unable to get or create a Platform named gaia, Device named INTERNET-10G-NM will not have a Platform assigned",,,d93a7f0a-544f-4308-8dd0-a4be6e7f83f7,2026-03-26T09:12:13.473172+01:00
"Platform gaia already exists but belongs to Manufacturer Checkpoint, not Check Point. Skipping assignment to avoid validation errors.",7d14fe23-5564-4bfd-b9a0-7ea6b6f608b7,extras.joblogentry,unknown,warning,create_platform_object,"Platform gaia already exists but belongs to Manufacturer Checkpoint, not Check Point. Skipping assignment to avoid validation errors.",,,d93a7f0a-544f-4308-8dd0-a4be6e7f83f7,2026-03-26T09:12:14.481193+01:00
"Unable to get or create a Platform named gaia, Device named FW1-6400-MGMT-NM will not have a Platform assigned",9ea41a1d-eb00-4dda-950c-5426f8c14698,extras.joblogentry,unknown,warning,create,"Unable to get or create a Platform named gaia, Device named FW1-6400-MGMT-NM will not have a Platform assigned",,,d93a7f0a-544f-4308-8dd0-a4be6e7f83f7,2026-03-26T09:12:14.484194+01:00
"Platform gaia already exists but belongs to Manufacturer Checkpoint, not Check Point. Skipping assignment to avoid validation errors.",f4d5650a-f05c-4ef7-b702-6dc100a183ef,extras.joblogentry,unknown,warning,create_platform_object,"Platform gaia already exists but belongs to Manufacturer Checkpoint, not Check Point. Skipping assignment to avoid validation errors.",,,d93a7f0a-544f-4308-8dd0-a4be6e7f83f7,2026-03-26T09:12:14.569112+01:00
"Unable to get or create a Platform named gaia, Device named FW1-EXTRA-NM will not have a Platform assigned",b10a93fd-0e6a-4864-8629-714f105c085f,extras.joblogentry,unknown,warning,create,"Unable to get or create a Platform named gaia, Device named FW1-EXTRA-NM will not have a Platform assigned",,,d93a7f0a-544f-4308-8dd0-a4be6e7f83f7,2026-03-26T09:12:14.571310+01:00
"Platform gaia already exists but belongs to Manufacturer Checkpoint, not Check Point. Skipping assignment to avoid validation errors.",c98d484a-3a95-46dc-bc12-1e2353c8025b,extras.joblogentry,unknown,warning,create_platform_object,"Platform gaia already exists but belongs to Manufacturer Checkpoint, not Check Point. Skipping assignment to avoid validation errors.",,,d93a7f0a-544f-4308-8dd0-a4be6e7f83f7,2026-03-26T09:12:17.849800+01:00
"Unable to get or create a Platform named gaia, Device named VSX1-19200-NM/VSX1-19200-NM_VS-FW-SDACCESS will not have a Platform assigned",2a0f686d-4106-4071-a80d-42982b5c2b65,extras.joblogentry,unknown,warning,create,"Unable to get or create a Platform named gaia, Device named VSX1-19200-NM/VSX1-19200-NM_VS-FW-SDACCESS will not have a Platform assigned",,,d93a7f0a-544f-4308-8dd0-a4be6e7f83f7,2026-03-26T09:12:17.853635+01:00
"Platform gaia already exists but belongs to Manufacturer Checkpoint, not Check Point. Skipping assignment to avoid validation errors.",8a661b09-8487-4982-8c10-49878001d90d,extras.joblogentry,unknown,warning,create_platform_object,"Platform gaia already exists but belongs to Manufacturer Checkpoint, not Check Point. Skipping assignment to avoid validation errors.",,,d93a7f0a-544f-4308-8dd0-a4be6e7f83f7,2026-03-26T09:12:17.944544+01:00
"Unable to get or create a Platform named gaia, Device named VSX1-19200-NM/VSX1-19200-NM_VS-FW-RAS will not have a Platform assigned",bcd27e71-3cd4-421d-853c-fd366b58adbf,extras.joblogentry,unknown,warning,create,"Unable to get or create a Platform named gaia, Device named VSX1-19200-NM/VSX1-19200-NM_VS-FW-RAS will not have a Platform assigned",,,d93a7f0a-544f-4308-8dd0-a4be6e7f83f7,2026-03-26T09:12:17.948650+01:00
"Platform gaia already exists but belongs to Manufacturer Checkpoint, not Check Point. Skipping assignment to avoid validation errors.",5ebd7042-584f-4406-9c4d-1729df5473ac,extras.joblogentry,unknown,warning,create_platform_object,"Platform gaia already exists but belongs to Manufacturer Checkpoint, not Check Point. Skipping assignment to avoid validation errors.",,,d93a7f0a-544f-4308-8dd0-a4be6e7f83f7,2026-03-26T09:12:18.025844+01:00
"Unable to get or create a Platform named gaia, Device named VSX1-19200-NM/0 will not have a Platform assigned",a35dc4b0-a6b7-4a73-83ed-1aa3a6b95393,extras.joblogentry,unknown,warning,create,"Unable to get or create a Platform named gaia, Device named VSX1-19200-NM/0 will not have a Platform assigned",,,d93a7f0a-544f-4308-8dd0-a4be6e7f83f7,2026-03-26T09:12:18.028404+01:00
"Platform gaia already exists but belongs to Manufacturer Checkpoint, not Check Point. Skipping assignment to avoid validation errors.",dc1ee968-983b-47ff-8779-b6d2b9d0e6cc,extras.joblogentry,unknown,warning,create_platform_object,"Platform gaia already exists but belongs to Manufacturer Checkpoint, not Check Point. Skipping assignment to avoid validation errors.",,,d93a7f0a-544f-4308-8dd0-a4be6e7f83f7,2026-03-26T09:12:18.110245+01:00
"Unable to get or create a Platform named gaia, Device named VSX1-19200-NM/VSX1-19200-NM_VS-FW-STS will not have a Platform assigned",8af45baf-dc6b-4304-b76a-e9b60c33471d,extras.joblogentry,unknown,warning,create,"Unable to get or create a Platform named gaia, Device named VSX1-19200-NM/VSX1-19200-NM_VS-FW-STS will not have a Platform assigned",,,d93a7f0a-544f-4308-8dd0-a4be6e7f83f7,2026-03-26T09:12:18.112968+01:00
"Platform gaia already exists but belongs to Manufacturer Checkpoint, not Check Point. Skipping assignment to avoid validation errors.",0ba41362-5d9c-4b85-9576-1b199b9f38a2,extras.joblogentry,unknown,warning,create_platform_object,"Platform gaia already exists but belongs to Manufacturer Checkpoint, not Check Point. Skipping assignment to avoid validation errors.",,,d93a7f0a-544f-4308-8dd0-a4be6e7f83f7,2026-03-26T09:12:18.781685+01:00
"Unable to get or create a Platform named gaia, Device named fw1-mgmt-1 will not have a Platform assigned",c1ff80ba-9ece-49d8-b8fd-628dead67893,extras.joblogentry,unknown,warning,create,"Unable to get or create a Platform named gaia, Device named fw1-mgmt-1 will not have a Platform assigned",,,d93a7f0a-544f-4308-8dd0-a4be6e7f83f7,2026-03-26T09:12:18.783970+01:00
"Platform gaia already exists but belongs to Manufacturer Checkpoint, not Check Point. Skipping assignment to avoid validation errors.",c1da5e14-75f6-400b-9cfd-d6ce5001e4f3,extras.joblogentry,unknown,warning,create_platform_object,"Platform gaia already exists but belongs to Manufacturer Checkpoint, not Check Point. Skipping assignment to avoid validation errors.",,,d93a7f0a-544f-4308-8dd0-a4be6e7f83f7,2026-03-26T09:12:19.123490+01:00
"Unable to get or create a Platform named gaia, Device named FW-MUSEO-CED-1 will not have a Platform assigned",84e451a0-bff3-4dbf-964b-0d462ab36bce,extras.joblogentry,unknown,warning,create,"Unable to get or create a Platform named gaia, Device named FW-MUSEO-CED-1 will not have a Platform assigned",,,d93a7f0a-544f-4308-8dd0-a4be6e7f83f7,2026-03-26T09:12:19.125652+01:00
"Platform gaia already exists but belongs to Manufacturer Checkpoint, not Check Point. Skipping assignment to avoid validation errors.",6a46e123-3901-4264-84b2-62e61c8216b0,extras.joblogentry,unknown,warning,create_platform_object,"Platform gaia already exists but belongs to Manufacturer Checkpoint, not Check Point. Skipping assignment to avoid validation errors.",,,d93a7f0a-544f-4308-8dd0-a4be6e7f83f7,2026-03-26T09:12:25.304249+01:00
"Unable to get or create a Platform named gaia, Device named FW1-Intra-Ced1 will not have a Platform assigned",bfd0c164-727c-4951-ba94-666287d52052,extras.joblogentry,unknown,warning,create,"Unable to get or create a Platform named gaia, Device named FW1-Intra-Ced1 will not have a Platform assigned",,,d93a7f0a-544f-4308-8dd0-a4be6e7f83f7,2026-03-26T09:12:25.306950+01:00
"Platform gaia already exists but belongs to Manufacturer Checkpoint, not Check Point. Skipping assignment to avoid validation errors.",fca0e09e-b094-488f-a612-78ff50d6fbc4,extras.joblogentry,unknown,warning,create_platform_object,"Platform gaia already exists but belongs to Manufacturer Checkpoint, not Check Point. Skipping assignment to avoid validation errors.",,,d93a7f0a-544f-4308-8dd0-a4be6e7f83f7,2026-03-26T09:12:28.085775+01:00
"Unable to get or create a Platform named gaia, Device named FW1-EXTRA-CED1 will not have a Platform assigned",1f33c1c5-a69c-440f-8f9f-b485b892294c,extras.joblogentry,unknown,warning,create,"Unable to get or create a Platform named gaia, Device named FW1-EXTRA-CED1 will not have a Platform assigned",,,d93a7f0a-544f-4308-8dd0-a4be6e7f83f7,2026-03-26T09:12:28.088916+01:00
"Platform gaia already exists but belongs to Manufacturer Checkpoint, not Check Point. Skipping assignment to avoid validation errors.",c8f0ff4d-8dc7-442d-9a3d-15c7f755b5ab,extras.joblogentry,unknown,warning,create_platform_object,"Platform gaia already exists but belongs to Manufacturer Checkpoint, not Check Point. Skipping assignment to avoid validation errors.",,,d93a7f0a-544f-4308-8dd0-a4be6e7f83f7,2026-03-26T09:12:28.242059+01:00
"Unable to get or create a Platform named gaia, Device named FW-INTERNET-10G-CED-1 will not have a Platform assigned",6f46dd2a-c730-472b-a41f-8e73fec84f65,extras.joblogentry,unknown,warning,create,"Unable to get or create a Platform named gaia, Device named FW-INTERNET-10G-CED-1 will not have a Platform assigned",,,d93a7f0a-544f-4308-8dd0-a4be6e7f83f7,2026-03-26T09:12:28.245348+01:00
"Platform gaia already exists but belongs to Manufacturer Checkpoint, not Check Point. Skipping assignment to avoid validation errors.",30aad42e-b624-4581-b873-71875b3848c6,extras.joblogentry,unknown,warning,create_platform_object,"Platform gaia already exists but belongs to Manufacturer Checkpoint, not Check Point. Skipping assignment to avoid validation errors.",,,d93a7f0a-544f-4308-8dd0-a4be6e7f83f7,2026-03-26T09:12:28.746982+01:00
"Unable to get or create a Platform named gaia, Device named fw1-interno-ced1 will not have a Platform assigned",25067c72-b2ae-482e-9367-5217d1873a43,extras.joblogentry,unknown,warning,create,"Unable to get or create a Platform named gaia, Device named fw1-interno-ced1 will not have a Platform assigned",,,d93a7f0a-544f-4308-8dd0-a4be6e7f83f7,2026-03-26T09:12:28.750346+01:00
"Platform gaia already exists but belongs to Manufacturer Checkpoint, not Check Point. Skipping assignment to avoid validation errors.",fc273137-2241-4a23-a90e-d64c7b671c50,extras.joblogentry,unknown,warning,create_platform_object,"Platform gaia already exists but belongs to Manufacturer Checkpoint, not Check Point. Skipping assignment to avoid validation errors.",,,d93a7f0a-544f-4308-8dd0-a4be6e7f83f7,2026-03-26T09:12:33.223093+01:00
"Unable to get or create a Platform named gaia, Device named FW1-6400-MGMT-CED-1 will not have a Platform assigned",139d28e9-299a-4ad6-acb3-e8c1f5facaa2,extras.joblogentry,unknown,warning,create,"Unable to get or create a Platform named gaia, Device named FW1-6400-MGMT-CED-1 will not have a Platform assigned",,,d93a7f0a-544f-4308-8dd0-a4be6e7f83f7,2026-03-26T09:12:33.230111+01:00
"Platform gaia already exists but belongs to Manufacturer Checkpoint, not Check Point. Skipping assignment to avoid validation errors.",1467ab0f-e4e5-418d-9035-95059126566e,extras.joblogentry,unknown,warning,create_platform_object,"Platform gaia already exists but belongs to Manufacturer Checkpoint, not Check Point. Skipping assignment to avoid validation errors.",,,d93a7f0a-544f-4308-8dd0-a4be6e7f83f7,2026-03-26T09:12:33.602485+01:00
"Unable to get or create a Platform named gaia, Device named VSX1-19200-CED-1/0 will not have a Platform assigned",529d8b61-dfc8-49c7-b0bc-0670efbceea5,extras.joblogentry,unknown,warning,create,"Unable to get or create a Platform named gaia, Device named VSX1-19200-CED-1/0 will not have a Platform assigned",,,d93a7f0a-544f-4308-8dd0-a4be6e7f83f7,2026-03-26T09:12:33.605513+01:00
"Platform gaia already exists but belongs to Manufacturer Checkpoint, not Check Point. Skipping assignment to avoid validation errors.",46d1f9cf-e2b6-406b-9cd8-a69055fcf990,extras.joblogentry,unknown,warning,create_platform_object,"Platform gaia already exists but belongs to Manufacturer Checkpoint, not Check Point. Skipping assignment to avoid validation errors.",,,d93a7f0a-544f-4308-8dd0-a4be6e7f83f7,2026-03-26T09:12:33.798468+01:00
"Unable to get or create a Platform named gaia, Device named VSX1-19200-CED-1/VSX1-19200-CED-1_VS-FW-SDACCESS will not have a Platform assigned",6170a624-68f3-492a-aa75-795c04d064d3,extras.joblogentry,unknown,warning,create,"Unable to get or create a Platform named gaia, Device named VSX1-19200-CED-1/VSX1-19200-CED-1_VS-FW-SDACCESS will not have a Platform assigned",,,d93a7f0a-544f-4308-8dd0-a4be6e7f83f7,2026-03-26T09:12:33.801290+01:00
"Platform gaia already exists but belongs to Manufacturer Checkpoint, not Check Point. Skipping assignment to avoid validation errors.",bca537b6-3325-46a5-be79-7c19701273ad,extras.joblogentry,unknown,warning,create_platform_object,"Platform gaia already exists but belongs to Manufacturer Checkpoint, not Check Point. Skipping assignment to avoid validation errors.",,,d93a7f0a-544f-4308-8dd0-a4be6e7f83f7,2026-03-26T09:12:34.002863+01:00
"Unable to get or create a Platform named gaia, Device named VSX1-19200-CED-1/VSX1-19200-CED-1_VS-FW-STS will not have a Platform assigned",cccc142b-2478-45b6-86dd-cdedbc84c61e,extras.joblogentry,unknown,warning,create,"Unable to get or create a Platform named gaia, Device named VSX1-19200-CED-1/VSX1-19200-CED-1_VS-FW-STS will not have a Platform assigned",,,d93a7f0a-544f-4308-8dd0-a4be6e7f83f7,2026-03-26T09:12:34.005078+01:00
"Platform gaia already exists but belongs to Manufacturer Checkpoint, not Check Point. Skipping assignment to avoid validation errors.",767130fa-3c9c-491b-bedb-f174d42938b3,extras.joblogentry,unknown,warning,create_platform_object,"Platform gaia already exists but belongs to Manufacturer Checkpoint, not Check Point. Skipping assignment to avoid validation errors.",,,d93a7f0a-544f-4308-8dd0-a4be6e7f83f7,2026-03-26T09:12:34.570886+01:00
"Unable to get or create a Platform named gaia, Device named VSX1-19200-CED-1/VSX1-19200-CED-1_VS-FW-RAS will not have a Platform assigned",f59ca284-1200-4277-b56d-080cc4b1e247,extras.joblogentry,unknown,warning,create,"Unable to get or create a Platform named gaia, Device named VSX1-19200-CED-1/VSX1-19200-CED-1_VS-FW-RAS will not have a Platform assigned",,,d93a7f0a-544f-4308-8dd0-a4be6e7f83f7,2026-03-26T09:12:34.574295+01:00
"Platform gaia already exists but belongs to Manufacturer Checkpoint, not Check Point. Skipping assignment to avoid validation errors.",562040e8-0391-413d-9967-5a22b8ad5dd3,extras.joblogentry,unknown,warning,create_platform_object,"Platform gaia already exists but belongs to Manufacturer Checkpoint, not Check Point. Skipping assignment to avoid validation errors.",,,d93a7f0a-544f-4308-8dd0-a4be6e7f83f7,2026-03-26T09:13:07.730639+01:00
"Unable to get or create a Platform named gaia, Device named FW1-BEV02 will not have a Platform assigned",5822670e-ba80-4d10-b84f-71a952e3d097,extras.joblogentry,unknown,warning,create,"Unable to get or create a Platform named gaia, Device named FW1-BEV02 will not have a Platform assigned",,,d93a7f0a-544f-4308-8dd0-a4be6e7f83f7,2026-03-26T09:13:07.733476+01:00
"Platform gaia already exists but belongs to Manufacturer Checkpoint, not Check Point. Skipping assignment to avoid validation errors.",8ea8c274-2b5a-4366-a536-e5981b1ca270,extras.joblogentry,unknown,warning,create_platform_object,"Platform gaia already exists but belongs to Manufacturer Checkpoint, not Check Point. Skipping assignment to avoid validation errors.",,,d93a7f0a-544f-4308-8dd0-a4be6e7f83f7,2026-03-26T09:13:26.325331+01:00
"Unable to get or create a Platform named gaia, Device named FW1-BEV01 will not have a Platform assigned",72f4c0cd-67f6-4efb-99de-20c45045eaa0,extras.joblogentry,unknown,warning,create,"Unable to get or create a Platform named gaia, Device named FW1-BEV01 will not have a Platform assigned",,,d93a7f0a-544f-4308-8dd0-a4be6e7f83f7,2026-03-26T09:13:26.331800+01:00
"Platform gaia already exists but belongs to Manufacturer Checkpoint, not Check Point. Skipping assignment to avoid validation errors.",e23a4803-5589-49b2-8f89-73f5843a8643,extras.joblogentry,unknown,warning,create_platform_object,"Platform gaia already exists but belongs to Manufacturer Checkpoint, not Check Point. Skipping assignment to avoid validation errors.",,,d93a7f0a-544f-4308-8dd0-a4be6e7f83f7,2026-03-26T09:14:09.015987+01:00
"Unable to get or create a Platform named gaia, Device named FW1-CT1 will not have a Platform assigned",6f3df160-da36-4615-9733-91b205a97f7a,extras.joblogentry,unknown,warning,create,"Unable to get or create a Platform named gaia, Device named FW1-CT1 will not have a Platform assigned",,,d93a7f0a-544f-4308-8dd0-a4be6e7f83f7,2026-03-26T09:14:09.018789+01:00
"Platform gaia already exists but belongs to Manufacturer Checkpoint, not Check Point. Skipping assignment to avoid validation errors.",880fdc4b-bf1f-42b6-bc61-bd346c632770,extras.joblogentry,unknown,warning,create_platform_object,"Platform gaia already exists but belongs to Manufacturer Checkpoint, not Check Point. Skipping assignment to avoid validation errors.",,,d93a7f0a-544f-4308-8dd0-a4be6e7f83f7,2026-03-26T09:14:09.204518+01:00
"Unable to get or create a Platform named gaia, Device named FW1-CT2 will not have a Platform assigned",39e555e9-e27d-4571-9798-7cc10f652a5d,extras.joblogentry,unknown,warning,create,"Unable to get or create a Platform named gaia, Device named FW1-CT2 will not have a Platform assigned",,,d93a7f0a-544f-4308-8dd0-a4be6e7f83f7,2026-03-26T09:14:09.207305+01:00
"Platform gaia-embedded already exists but belongs to Manufacturer Check Point, not Checkpoint. Skipping assignment to avoid validation errors.",e562f206-82dc-486f-b037-31838c662884,extras.joblogentry,unknown,warning,create_platform_object,"Platform gaia-embedded already exists but belongs to Manufacturer Check Point, not Checkpoint. Skipping assignment to avoid validation errors.",,,d93a7f0a-544f-4308-8dd0-a4be6e7f83f7,2026-03-26T09:14:48.408720+01:00
Unable to update Device FW1-Cordusio-node1 with a Platform of gaia-embedded,996de1eb-8e40-49a8-9794-24c295b81667,extras.joblogentry,unknown,warning,update,Unable to update Device FW1-Cordusio-node1 with a Platform of gaia-embedded,,,d93a7f0a-544f-4308-8dd0-a4be6e7f83f7,2026-03-26T09:14:48.412116+01:00
"Platform gaia-embedded already exists but belongs to Manufacturer Check Point, not Checkpoint. Skipping assignment to avoid validation errors.",bb89bfa7-6271-4995-963d-8aa963f14952,extras.joblogentry,unknown,warning,create_platform_object,"Platform gaia-embedded already exists but belongs to Manufacturer Check Point, not Checkpoint. Skipping assignment to avoid validation errors.",,,d93a7f0a-544f-4308-8dd0-a4be6e7f83f7,2026-03-26T09:14:48.471288+01:00
Unable to update Device FW1-Cordusio-node2 with a Platform of gaia-embedded,82250730-af7a-4fec-bb64-017a5f03404f,extras.joblogentry,unknown,warning,update,Unable to update Device FW1-Cordusio-node2 with a Platform of gaia-embedded,,,d93a7f0a-544f-4308-8dd0-a4be6e7f83f7,2026-03-26T09:14:48.474053+01:00
"Platform gaia-embedded already exists but belongs to Manufacturer Check Point, not Checkpoint. Skipping assignment to avoid validation errors.",473654ae-3ff6-4913-9418-75234a9c7cc9,extras.joblogentry,unknown,warning,create_platform_object,"Platform gaia-embedded already exists but belongs to Manufacturer Check Point, not Checkpoint. Skipping assignment to avoid validation errors.",,,d93a7f0a-544f-4308-8dd0-a4be6e7f83f7,2026-03-26T09:14:51.194329+01:00
"Unable to get or create a Platform named gaia-embedded, Device named FW1-ENG-02 will not have a Platform assigned",275151ef-0fca-491e-9d59-b7c284f7e954,extras.joblogentry,unknown,warning,create,"Unable to get or create a Platform named gaia-embedded, Device named FW1-ENG-02 will not have a Platform assigned",,,d93a7f0a-544f-4308-8dd0-a4be6e7f83f7,2026-03-26T09:14:51.196492+01:00
"Platform gaia-embedded already exists but belongs to Manufacturer Check Point, not Checkpoint. Skipping assignment to avoid validation errors.",35e12429-cc46-47f1-8bfb-464df9ba7914,extras.joblogentry,unknown,warning,create_platform_object,"Platform gaia-embedded already exists but belongs to Manufacturer Check Point, not Checkpoint. Skipping assignment to avoid validation errors.",,,d93a7f0a-544f-4308-8dd0-a4be6e7f83f7,2026-03-26T09:14:51.278572+01:00
"Unable to get or create a Platform named gaia-embedded, Device named FW1-ENG-01 will not have a Platform assigned",a65268f0-fe75-4e73-9d7d-7dd07a7f07ae,extras.joblogentry,unknown,warning,create,"Unable to get or create a Platform named gaia-embedded, Device named FW1-ENG-01 will not have a Platform assigned",,,d93a7f0a-544f-4308-8dd0-a4be6e7f83f7,2026-03-26T09:14:51.281249+01:00
"Platform gaia-embedded already exists but belongs to Manufacturer Check Point, not Checkpoint. Skipping assignment to avoid validation errors.",cc1e49b3-ebf4-4a8f-b5df-f9333803b250,extras.joblogentry,unknown,warning,create_platform_object,"Platform gaia-embedded already exists but belongs to Manufacturer Check Point, not Checkpoint. Skipping assignment to avoid validation errors.",,,d93a7f0a-544f-4308-8dd0-a4be6e7f83f7,2026-03-26T09:14:55.470153+01:00
"Unable to get or create a Platform named gaia-embedded, Device named FW1-BRO-01 will not have a Platform assigned",4fe16a17-a95e-4f49-84f2-55249d39f538,extras.joblogentry,unknown,warning,create,"Unable to get or create a Platform named gaia-embedded, Device named FW1-BRO-01 will not have a Platform assigned",,,d93a7f0a-544f-4308-8dd0-a4be6e7f83f7,2026-03-26T09:14:55.475761+01:00
"Platform gaia-embedded already exists but belongs to Manufacturer Check Point, not Checkpoint. Skipping assignment to avoid validation errors.",e5ac85a0-52ed-4023-9213-4db32162481b,extras.joblogentry,unknown,warning,create_platform_object,"Platform gaia-embedded already exists but belongs to Manufacturer Check Point, not Checkpoint. Skipping assignment to avoid validation errors.",,,d93a7f0a-544f-4308-8dd0-a4be6e7f83f7,2026-03-26T09:14:55.564949+01:00
"Unable to get or create a Platform named gaia-embedded, Device named FW1-BRO-02 will not have a Platform assigned",2a774551-7738-4df9-a378-c5c1aaf6c7dc,extras.joblogentry,unknown,warning,create,"Unable to get or create a Platform named gaia-embedded, Device named FW1-BRO-02 will not have a Platform assigned",,,d93a7f0a-544f-4308-8dd0-a4be6e7f83f7,2026-03-26T09:14:55.568107+01:00
"Platform gaia-embedded already exists but belongs to Manufacturer Check Point, not Checkpoint. Skipping assignment to avoid validation errors.",97621dd2-4f08-4fd8-becc-dbef9d6ac7a2,extras.joblogentry,unknown,warning,create_platform_object,"Platform gaia-embedded already exists but belongs to Manufacturer Check Point, not Checkpoint. Skipping assignment to avoid validation errors.",,,d93a7f0a-544f-4308-8dd0-a4be6e7f83f7,2026-03-26T09:14:58.980174+01:00
Unable to update Device FW1-MIA-02 with a Platform of gaia-embedded,3bfa218d-191b-400b-8607-1bf6c7827dbb,extras.joblogentry,unknown,warning,update,Unable to update Device FW1-MIA-02 with a Platform of gaia-embedded,,,d93a7f0a-544f-4308-8dd0-a4be6e7f83f7,2026-03-26T09:14:58.983114+01:00
"Platform gaia-embedded already exists but belongs to Manufacturer Check Point, not Checkpoint. Skipping assignment to avoid validation errors.",082c785d-564e-45d9-bff9-31a71829a860,extras.joblogentry,unknown,warning,create_platform_object,"Platform gaia-embedded already exists but belongs to Manufacturer Check Point, not Checkpoint. Skipping assignment to avoid validation errors.",,,d93a7f0a-544f-4308-8dd0-a4be6e7f83f7,2026-03-26T09:14:59.040885+01:00
Unable to update Device FW1-MIA-01 with a Platform of gaia-embedded,0c67372b-4c93-41c5-b21d-7616181344dd,extras.joblogentry,unknown,warning,update,Unable to update Device FW1-MIA-01 with a Platform of gaia-embedded,,,d93a7f0a-544f-4308-8dd0-a4be6e7f83f7,2026-03-26T09:14:59.043506+01:00
"Platform gaia already exists but belongs to Manufacturer Checkpoint, not Check Point. Skipping assignment to avoid validation errors.",2dbeb88f-2cc7-4771-a3b3-5e5b6ad5d0a8,extras.joblogentry,unknown,warning,create_platform_object,"Platform gaia already exists but belongs to Manufacturer Checkpoint, not Check Point. Skipping assignment to avoid validation errors.",,,d93a7f0a-544f-4308-8dd0-a4be6e7f83f7,2026-03-26T09:14:59.776856+01:00
"Unable to get or create a Platform named gaia, Device named FW1-TOK-02 will not have a Platform assigned",e3126066-5488-42a1-8b2f-17b209fece33,extras.joblogentry,unknown,warning,create,"Unable to get or create a Platform named gaia, Device named FW1-TOK-02 will not have a Platform assigned",,,d93a7f0a-544f-4308-8dd0-a4be6e7f83f7,2026-03-26T09:14:59.779453+01:00
"Platform gaia already exists but belongs to Manufacturer Checkpoint, not Check Point. Skipping assignment to avoid validation errors.",53a84dab-1a46-4a82-aae5-2c2d01b6a42a,extras.joblogentry,unknown,warning,create_platform_object,"Platform gaia already exists but belongs to Manufacturer Checkpoint, not Check Point. Skipping assignment to avoid validation errors.",,,d93a7f0a-544f-4308-8dd0-a4be6e7f83f7,2026-03-26T09:14:59.961606+01:00
"Unable to get or create a Platform named gaia, Device named FW1-TOK-01 will not have a Platform assigned",44c94e58-6755-4fbd-b44c-f031ff92f51e,extras.joblogentry,unknown,warning,create,"Unable to get or create a Platform named gaia, Device named FW1-TOK-01 will not have a Platform assigned",,,d93a7f0a-544f-4308-8dd0-a4be6e7f83f7,2026-03-26T09:14:59.964343+01:00
"Unable to update the existing Device named FW1-Cina_new with {'vendor': 'Checkpoint', 'platform': 'gaia'}. Error: {'platform': [""The assigned platform is limited to Checkpoint device types, but this device's type belongs to Check Point.""]}",1adf1019-1c2c-441a-b57a-f6f55b7dd8f1,extras.joblogentry,unknown,error,update,"Unable to update the existing Device named FW1-Cina_new with {'vendor': 'Checkpoint', 'platform': 'gaia'}. Error: {'platform': [""The assigned platform is limited to Checkpoint device types, but this device's type belongs to Check Point.""]}",,,d93a7f0a-544f-4308-8dd0-a4be6e7f83f7,2026-03-26T09:15:02.097154+01:00
"Platform gaia-embedded already exists but belongs to Manufacturer Check Point, not Checkpoint. Skipping assignment to avoid validation errors.",9e0aa6b7-72f3-4484-baae-dd0345fa1f41,extras.joblogentry,unknown,warning,create_platform_object,"Platform gaia-embedded already exists but belongs to Manufacturer Check Point, not Checkpoint. Skipping assignment to avoid validation errors.",,,d93a7f0a-544f-4308-8dd0-a4be6e7f83f7,2026-03-26T09:15:03.656297+01:00
"Unable to get or create a Platform named gaia-embedded, Device named FW1-FDE-01 will not have a Platform assigned",5ec2067b-638b-47a9-a333-02ca09ef9fe0,extras.joblogentry,unknown,warning,create,"Unable to get or create a Platform named gaia-embedded, Device named FW1-FDE-01 will not have a Platform assigned",,,d93a7f0a-544f-4308-8dd0-a4be6e7f83f7,2026-03-26T09:15:03.659772+01:00
"Platform gaia-embedded already exists but belongs to Manufacturer Check Point, not Checkpoint. Skipping assignment to avoid validation errors.",3a2b6765-b1c7-46eb-a8d5-a3c476e878c8,extras.joblogentry,unknown,warning,create_platform_object,"Platform gaia-embedded already exists but belongs to Manufacturer Check Point, not Checkpoint. Skipping assignment to avoid validation errors.",,,d93a7f0a-544f-4308-8dd0-a4be6e7f83f7,2026-03-26T09:15:03.735243+01:00
"Unable to get or create a Platform named gaia-embedded, Device named FW1-FDE-02 will not have a Platform assigned",f7884dcb-13cd-457b-8d8c-4f21633d3dce,extras.joblogentry,unknown,warning,create,"Unable to get or create a Platform named gaia-embedded, Device named FW1-FDE-02 will not have a Platform assigned",,,d93a7f0a-544f-4308-8dd0-a4be6e7f83f7,2026-03-26T09:15:03.737645+01:00
Unable to perform a validated_save() on Device c9200-Presentazione-Uffici-Fiorano with an ID of 6ea1cc77-54d1-461c-915e-1fd5024af0bf,cac4c441-f234-45c7-96b3-b7c6ebd74763,extras.joblogentry,unknown,error,create,Unable to perform a validated_save() on Device c9200-Presentazione-Uffici-Fiorano with an ID of 6ea1cc77-54d1-461c-915e-1fd5024af0bf,,,d93a7f0a-544f-4308-8dd0-a4be6e7f83f7,2026-03-26T09:15:10.755338+01:00
Unable to perform a validated_save() on Device SW-GT-VMS-Port-Pista with an ID of 94f5b940-48f1-4c4d-961a-377e0cff480f,e3cfa57a-8593-490f-b693-9d4c9c3f4919,extras.joblogentry,unknown,error,create,Unable to perform a validated_save() on Device SW-GT-VMS-Port-Pista with an ID of 94f5b940-48f1-4c4d-961a-377e0cff480f,,,d93a7f0a-544f-4308-8dd0-a4be6e7f83f7,2026-03-26T09:15:10.795656+01:00
Unable to perform a validated_save() on Device C3850-PRE-EsperienzeFerrari with an ID of a3b501d5-8453-4139-9863-6bdb04f71e55,d83f60b7-a18c-42fe-ae5e-e476bbe593fe,extras.joblogentry,unknown,error,create,Unable to perform a validated_save() on Device C3850-PRE-EsperienzeFerrari with an ID of a3b501d5-8453-4139-9863-6bdb04f71e55,,,d93a7f0a-544f-4308-8dd0-a4be6e7f83f7,2026-03-26T09:15:10.843699+01:00
Unable to perform a validated_save() on Device AP-EsperienzeFerrari03 with an ID of 48e04ce8-43ae-4d2f-b00d-4564284165af,4bae432d-2230-42ce-820d-e84f2539e9f5,extras.joblogentry,unknown,error,create,Unable to perform a validated_save() on Device AP-EsperienzeFerrari03 with an ID of 48e04ce8-43ae-4d2f-b00d-4564284165af,,,d93a7f0a-544f-4308-8dd0-a4be6e7f83f7,2026-03-26T09:15:10.878916+01:00
Unable to perform a validated_save() on Device c9300-LT233_Presentazione with an ID of 526cbfd1-df6b-491e-9e0f-c0c05f9c9c03,b068e008-9228-4061-a3e6-dbf989c677a5,extras.joblogentry,unknown,error,create,Unable to perform a validated_save() on Device c9300-LT233_Presentazione with an ID of 526cbfd1-df6b-491e-9e0f-c0c05f9c9c03,,,d93a7f0a-544f-4308-8dd0-a4be6e7f83f7,2026-03-26T09:15:10.910069+01:00
Unable to perform validated_save() on Device named c9300-LT233_Presentazione,ba5ed144-cd6a-4da8-a9ef-48f38ca71d63,extras.joblogentry,unknown,error,_get_or_create_virtual_chassis,Unable to perform validated_save() on Device named c9300-LT233_Presentazione,,,d93a7f0a-544f-4308-8dd0-a4be6e7f83f7,2026-03-26T09:15:10.921679+01:00
Unable to update Device c9300-LT233_Presentazione with an ID of 526cbfd1-df6b-491e-9e0f-c0c05f9c9c03 with VirtualChassis data,cfabf1b1-cb92-4356-abc0-65c640842345,extras.joblogentry,unknown,error,create,Unable to update Device c9300-LT233_Presentazione with an ID of 526cbfd1-df6b-491e-9e0f-c0c05f9c9c03 with VirtualChassis data,,,d93a7f0a-544f-4308-8dd0-a4be6e7f83f7,2026-03-26T09:15:10.924631+01:00
Unable to perform a validated_save() on Device c9300-LT233_Presentazione-member2 with an ID of 267a2cb6-f6fb-46f3-bcdb-386d31ffaf41,4dbbbb86-ee64-4f59-a101-028ea19365c5,extras.joblogentry,unknown,error,create,Unable to perform a validated_save() on Device c9300-LT233_Presentazione-member2 with an ID of 267a2cb6-f6fb-46f3-bcdb-386d31ffaf41,,,d93a7f0a-544f-4308-8dd0-a4be6e7f83f7,2026-03-26T09:15:10.961287+01:00
Unable to perform validated_save() on Device named c9300-LT233_Presentazione-member2,448e24c8-884b-4890-912b-73a794fc97e9,extras.joblogentry,unknown,error,_get_or_create_virtual_chassis,Unable to perform validated_save() on Device named c9300-LT233_Presentazione-member2,,,d93a7f0a-544f-4308-8dd0-a4be6e7f83f7,2026-03-26T09:15:10.974537+01:00
Unable to update Device c9300-LT233_Presentazione-member2 with an ID of 267a2cb6-f6fb-46f3-bcdb-386d31ffaf41 with VirtualChassis data,3176b609-3d36-4a8f-8245-5e5bf2a52818,extras.joblogentry,unknown,error,create,Unable to update Device c9300-LT233_Presentazione-member2 with an ID of 267a2cb6-f6fb-46f3-bcdb-386d31ffaf41 with VirtualChassis data,,,d93a7f0a-544f-4308-8dd0-a4be6e7f83f7,2026-03-26T09:15:10.976615+01:00
Unable to perform a validated_save() on Device c3750-lt234 with an ID of 1b3b3e14-a344-44e3-b026-d3a0369468d1,b2fb0d50-388b-45b6-b7c2-b433e8387407,extras.joblogentry,unknown,error,create,Unable to perform a validated_save() on Device c3750-lt234 with an ID of 1b3b3e14-a344-44e3-b026-d3a0369468d1,,,d93a7f0a-544f-4308-8dd0-a4be6e7f83f7,2026-03-26T09:15:11.016823+01:00
Unable to perform validated_save() on Device named c3750-lt234,c6def95a-4948-4f7f-8746-ab366d3fe4ab,extras.joblogentry,unknown,error,_get_or_create_virtual_chassis,Unable to perform validated_save() on Device named c3750-lt234,,,d93a7f0a-544f-4308-8dd0-a4be6e7f83f7,2026-03-26T09:15:11.027526+01:00
Unable to update Device c3750-lt234 with an ID of 1b3b3e14-a344-44e3-b026-d3a0369468d1 with VirtualChassis data,ba21218e-7bc4-4c96-b55a-29a650ec46d1,extras.joblogentry,unknown,error,create,Unable to update Device c3750-lt234 with an ID of 1b3b3e14-a344-44e3-b026-d3a0369468d1 with VirtualChassis data,,,d93a7f0a-544f-4308-8dd0-a4be6e7f83f7,2026-03-26T09:15:11.030086+01:00
Unable to perform a validated_save() on Device FW1-BALOCCO-1 with an ID of 68880cb4-4e96-4572-b352-8ccaddf92b60,dbb4e68f-22f8-4e12-b4c0-05856654f78a,extras.joblogentry,unknown,error,create,Unable to perform a validated_save() on Device FW1-BALOCCO-1 with an ID of 68880cb4-4e96-4572-b352-8ccaddf92b60,,,d93a7f0a-544f-4308-8dd0-a4be6e7f83f7,2026-03-26T09:15:11.248884+01:00
Unable to perform a validated_save() on Device FW1-BALOCCO-2 with an ID of eac00b94-e563-4da0-a730-b28c64111a18,f55c88dc-25c5-400f-b81d-1ca07c36e62a,extras.joblogentry,unknown,error,create,Unable to perform a validated_save() on Device FW1-BALOCCO-2 with an ID of eac00b94-e563-4da0-a730-b28c64111a18,,,d93a7f0a-544f-4308-8dd0-a4be6e7f83f7,2026-03-26T09:15:11.355968+01:00
Unable to perform a validated_save() on Device SW-GT-BALOCCO-01 with an ID of df0e3945-f902-405e-b2c5-1c4693394e97,296f94db-7ea8-4439-bd51-8978e08a09fa,extras.joblogentry,unknown,error,create,Unable to perform a validated_save() on Device SW-GT-BALOCCO-01 with an ID of df0e3945-f902-405e-b2c5-1c4693394e97,,,d93a7f0a-544f-4308-8dd0-a4be6e7f83f7,2026-03-26T09:15:11.641678+01:00
Unable to perform a validated_save() on Device AP-BALOCCO-02 with an ID of ce9fb331-0582-4750-8d66-1ee697da9194,be64e824-da1e-4260-a668-a9626e2e289d,extras.joblogentry,unknown,error,create,Unable to perform a validated_save() on Device AP-BALOCCO-02 with an ID of ce9fb331-0582-4750-8d66-1ee697da9194,,,d93a7f0a-544f-4308-8dd0-a4be6e7f83f7,2026-03-26T09:15:11.757134+01:00
Unable to perform a validated_save() on Device AP-BALOCCO-06 with an ID of 3570e594-3661-4e40-bddf-5103fee3724c,50979c0d-9977-40e0-a2f0-7d61e682ca30,extras.joblogentry,unknown,error,create,Unable to perform a validated_save() on Device AP-BALOCCO-06 with an ID of 3570e594-3661-4e40-bddf-5103fee3724c,,,d93a7f0a-544f-4308-8dd0-a4be6e7f83f7,2026-03-26T09:15:11.874066+01:00
Unable to perform a validated_save() on Device AP-BALOCCO-03 with an ID of 28d82269-e9b5-4ac4-b816-fcbf5acc7a86,841a3cc4-1139-4b94-9a06-36f587681a52,extras.joblogentry,unknown,error,create,Unable to perform a validated_save() on Device AP-BALOCCO-03 with an ID of 28d82269-e9b5-4ac4-b816-fcbf5acc7a86,,,d93a7f0a-544f-4308-8dd0-a4be6e7f83f7,2026-03-26T09:15:11.997279+01:00
Unable to perform a validated_save() on Device AP-BALOCCO-01 with an ID of d2e5bd47-603c-45fd-b613-1a0536ffa86a,14bbaac2-580f-4a1d-89c4-01cba84f1feb,extras.joblogentry,unknown,error,create,Unable to perform a validated_save() on Device AP-BALOCCO-01 with an ID of d2e5bd47-603c-45fd-b613-1a0536ffa86a,,,d93a7f0a-544f-4308-8dd0-a4be6e7f83f7,2026-03-26T09:15:12.131803+01:00
Unable to perform a validated_save() on Device AP-BALOCCO-04 with an ID of a98d86db-0e76-4800-9abc-d6b6a467739d,a5924032-7897-4d3f-bbda-7eb7d34aab32,extras.joblogentry,unknown,error,create,Unable to perform a validated_save() on Device AP-BALOCCO-04 with an ID of a98d86db-0e76-4800-9abc-d6b6a467739d,,,d93a7f0a-544f-4308-8dd0-a4be6e7f83f7,2026-03-26T09:15:12.250941+01:00
Unable to perform a validated_save() on Device AP-BALOCCO-05 with an ID of dd9c062b-5f92-4eca-9f26-b26d8b23ac17,dc0af751-7d18-451e-9d17-516959d2bcf4,extras.joblogentry,unknown,error,create,Unable to perform a validated_save() on Device AP-BALOCCO-05 with an ID of dd9c062b-5f92-4eca-9f26-b26d8b23ac17,,,d93a7f0a-544f-4308-8dd0-a4be6e7f83f7,2026-03-26T09:15:12.378919+01:00
"Unable to update the existing Device named FW1-Mgmt-LAN-1 with {'vendor': 'Checkpoint', 'platform': 'gaia'}. Error: {'platform': [""The assigned platform is limited to Checkpoint device types, but this device's type belongs to Check Point.""]}",141ae51c-78e3-4bee-ba7a-128581b60892,extras.joblogentry,unknown,error,update,"Unable to update the existing Device named FW1-Mgmt-LAN-1 with {'vendor': 'Checkpoint', 'platform': 'gaia'}. Error: {'platform': [""The assigned platform is limited to Checkpoint device types, but this device's type belongs to Check Point.""]}",,,d93a7f0a-544f-4308-8dd0-a4be6e7f83f7,2026-03-26T09:15:12.397924+01:00
"Unable to update the existing Device named fw1-mgmt-1-ha with {'vendor': 'Checkpoint', 'platform': 'gaia'}. Error: {'platform': [""The assigned platform is limited to Checkpoint device types, but this device's type belongs to Check Point.""]}",da99df0e-8e38-49db-b88d-cf2e945a7580,extras.joblogentry,unknown,error,update,"Unable to update the existing Device named fw1-mgmt-1-ha with {'vendor': 'Checkpoint', 'platform': 'gaia'}. Error: {'platform': [""The assigned platform is limited to Checkpoint device types, but this device's type belongs to Check Point.""]}",,,d93a7f0a-544f-4308-8dd0-a4be6e7f83f7,2026-03-26T09:15:12.605901+01:00
Sync complete.,cef4b3ec-afd5-4ad6-bae0-5cb4267f4f0c,extras.joblogentry,unknown,info,sync_data,Sync complete.,,,d93a7f0a-544f-4308-8dd0-a4be6e7f83f7,2026-03-26T09:15:13.227488+01:00
Job completed,70232fc5-298a-4d43-9152-1040bec19388,extras.joblogentry,unknown,success,post_run,Job completed,,,d93a7f0a-544f-4308-8dd0-a4be6e7f83f7,2026-03-26T09:15:20.868414+01:00
